Title,URL,Date
What Is Data Scraping And How Can You Use It? - Target ...,https://www.targetinternet.com/what-is-data-scraping-and-how-can-you-use-it/,13 de set. de 2017
What is data scraping? - YouTube,https://www.youtube.com/watch?v=COeMzrSYgvw,30 de out. de 2020
Data Scraper - Easy Web Scraping - Chrome Web Store,https://chrome.google.com/webstore/detail/data-scraper-easy-web-scr/nndknepjnldbdbepjfgmncbggmopgden?hl=pt-BR,11 de set. de 2021
Web Scraper - Free Web Scraping - Chrome Web Store,https://chrome.google.com/webstore/detail/web-scraper-free-web-scra/jnhgnonknehpejjnehehllkliplmbmhn?hl=pt-BR,25 de jun. de 2019
Data Scraping from Websites to Excel | Web Scraper Chorme ...,https://www.youtube.com/watch?v=aClnnoQK9G0,20 de ago. de 2021
Your browser can't play this video. Learn more - YouTube,https://www.youtube.com/watch?v=Vxl5jUltHBo,13 de fev. de 2020
What is Web Scraping and What is it Used For? | ParseHub,https://www.parsehub.com/blog/what-is-web-scraping/,1 de ago. de 2021
What is DATA SCRAPING? What does DATA ... - YouTube,https://www.youtube.com/watch?v=omTtMylcWOI,21 de set. de 2017
8 Best Web Scraping Tools - Learn - Hevo Data,https://hevodata.com/learn/8-best-web-scraping-tools/,6 de fev. de 2021
7 Best Web Scraping Tools To Extract Data - Better ...,https://betterprogramming.pub/data-scraping-tools-7cb76eeab89e,26 de abr. de 2021
Web Scraping Com Python #3 - Obtendo e Exportando os ...,https://www.youtube.com/watch?v=rvEUgNNYUrY,15 de jun. de 2020
Data Scraping Crawler | Phantombuster,https://phantombuster.com/automations/toolbox/22972/data-scraping-crawler,19 de jun. de 2020
Iniciação ao Web Scraping - Puxar dados da internet para ...,https://www.youtube.com/watch?v=Nds13psie_s,13 de jan. de 2018
List building com 9 ferramentas de web scraping - Sales ...,https://saleshackers.com.br/blog/list-building-com-9-ferramentas-de-web-scraping/,31 de ago. de 2017
Web Scraping: O que é e como aplicar em seu negócio,https://temtino.com/web-scraping-o-que-e-como-aplicar-em-seu-negocio/,11 de jun. de 2021
The Best Web Scraping Tools for 2021 | ScrapingBee,https://www.scrapingbee.com/blog/web-scraping-tools/,11 de jun. de 2021
03 | Web Scraping com Python - YouTube,https://www.youtube.com/watch?v=SIUNTvtCM6c,18 de jan. de 2021
Web Scraping com Selenium - YouTube,https://www.youtube.com/watch?v=YtKz6fHvIb4,21 de set. de 2021
Aprenda a Capturar dados da internet de forma automatizada ...,https://www.youtube.com/watch?v=46kQwaC70-A,21 de nov. de 2018
Web Scraping Software - UiPath,https://www.uipath.com/solutions/technology/web-scraping-software,31 de jan. de 2015
Web Scraping com C# - YouTube,https://www.youtube.com/watch?v=tXGJMUY_pPc,29 de set. de 2016
Helium Scraper: Web Scraper,https://www.heliumscraper.com/eng/,29 de dez. de 2010
Data scraping – the attraction and the legal and ethical risks,https://www.privacylaws.com/events-gateway/events/datascraping2021/,12 de out. de 2021
Extract data from any website without code | Bardeen Scraper,https://www.bardeen.ai/scraper,18 de jun. de 2021
Web scraping é ilegal? - YouTube,https://www.youtube.com/watch?v=1qLHgocVSBA,24 de dez. de 2020
Parte 1 - Web Scraping usando Python e Selenium - YouTube,https://www.youtube.com/watch?v=dNwFZbvLqnE,2 de mar. de 2019
Código Fonte TV - YouTube,https://www.youtube.com/watch?v=xianIw6PleE,26 de nov. de 2020
O que é o web scraping ? - YouTube,https://www.youtube.com/watch?v=kUQuLCAj0sA,8 de mai. de 2020
Data Scraping com PHP (EAD) - Tempo Real Eventos,https://temporealeventos.com.br/data-scraping-com-php-ead/,1 de jul. de 2019
Web Scraping Services Company India | Eminenture,https://www.eminenture.com/web-scraping-services.php,23 de dez. de 2021
Como Extrair a Cotação de Moedas na WEB com VBA,https://www.youtube.com/watch?v=yM8MfYhlbNQ,14 de ago. de 2021
Web Scraping with Power BI & Python - 3Cloud LLC.,https://3cloudsolutions.com/post/web-scraping-with-power-bi-python-2/,21 de abr. de 2020
Web Scraping : Théorie et Application accessible à tous,https://datascientest.com/web-scraping-theorie-et-application-accessible-a-tous,3 de set. de 2020
Web scraping for Beginners | Introduction guide - ParseHub,https://www.parsehub.com/blog/beginners-guide-to-web-scraping/,17 de nov. de 2020
Curso Online Scraping com Python: coleta de dados na web,https://www.alura.com.br/curso-online-web-scraping-data-science-python,9 de mar. de 2022
Web Scraping com Power BI - YouTube,https://www.youtube.com/watch?v=LHkTKh8wBvM,6 de out. de 2021
Is Web Scraping Legal? Explanation and Examples | ParseHub,https://www.parsehub.com/blog/web-scraping-legal/,14 de jul. de 2021
Web scraping data with Azure Data Factory - SQLShack,https://www.sqlshack.com/web-scraping-data-with-azure-data-factory/,3 de ago. de 2021
Web Scraping vs API: What's the Difference? | ParseHub,https://www.parsehub.com/blog/web-scraping-vs-api/,9 de mar. de 2020
Web scraping Excel - Felipe Tadeu Cezario - YouTube,https://www.youtube.com/watch?v=X_KTQO3D7L4,3 de fev. de 2019
Python Web Scraping Tutorial: Step-By-Step [2022 Guide] - Blog,https://oxylabs.io/blog/python-web-scraping,6 de jan. de 2022
Web Scraping with Python 101 [2022 REVISION] - ZenRows,https://www.zenrows.com/blog/web-scraping-with-python,19 de jan. de 2022
[Power BI] Duas Formas de Web Scraping no Power BI,https://www.youtube.com/watch?v=mcGfqY8LYwI,6 de set. de 2018
Web Scraping vs Data Mining: What's the Difference?,https://www.parsehub.com/blog/web-scraping-vs-data-mining/,2 de mar. de 2020
Web Scraping Techniques: How to Scrape Data from the Internet,https://www.parsehub.com/blog/web-scraping-techniques/,16 de mar. de 2020
Tidy web scraping in R — Tutorial and resources - Towards ...,https://towardsdatascience.com/tidy-web-scraping-in-r-tutorial-and-resources-ac9f72b4fe47,16 de ago. de 2019
Implementing Web Scraping in Python with BeautifulSoup,https://www.geeksforgeeks.org/implementing-web-scraping-python-beautiful-soup/,15 de mai. de 2021
Web Scraping with Python Made Easy - Towards Data Science,https://towardsdatascience.com/web-scraping-with-python-made-easy-f069ffaf7754,28 de jan. de 2020
Web Scraping - Research-IT,https://research-it.wharton.upenn.edu/data/webscraping/,8 de jul. de 2010
Watch | What is data scraping? - The Hindu,https://www.thehindu.com/sci-tech/technology/what-is-data-scraping/article32908610.ece,21 de out. de 2020
Web Scraping Examples: How are Businesses Using Web ...,https://www.parsehub.com/blog/web-scraping-examples/,1 de fev. de 2022
Manage and Prevent Web Scraping | F5,https://www.f5.com/solutions/scraping,5 de nov. de 2021
Web Scraping: Let Web Data Feed Your Website - WP All Import,https://www.wpallimport.com/web-scraping/,28 de dez. de 2021
What Is Web Scraping - Basics & Practical Uses | Octoparse,https://www.octoparse.com/blog/what-is-web-scraping-basics-and-use-cases,24 de jan. de 2022
Web Scraping in R - Working with Data | Coursera,https://pt.coursera.org/lecture/introducton-r-programming-data-science/web-scraping-in-r-NFhUL,23 de abr. de 2021
Data Mining & Web Scraping Services | Upwork,https://www.upwork.com/services/data-analysis-reports/data-mining-scraping,7 de set. de 2021
Is Web Scraping Easy? How to Scrape Data without Coding ...,https://www.parsehub.com/blog/web-scraping-easy/,10 de fev. de 2020
"Web Scraping with Beautiful Soup, Selenium, or Scrapy?",https://towardsdatascience.com/web-scraping-with-beautiful-soup-selenium-or-scrapy-62c6f3545de7,16 de dez. de 2020
What is Web Scraping? | Practical Uses & Methods - WebHarvy,https://www.webharvy.com/articles/what-is-web-scraping.html,26 de out. de 2021
Scraping Data for Digital Marketers .. No Coding Experience ...,https://medium.com/@saijogeorge/scraping-data-for-digital-marketers-96f0c397a7ea,8 de ago. de 2014
Practical Introduction to Web Scraping in R | R-bloggers,https://www.r-bloggers.com/2019/04/practical-introduction-to-web-scraping-in-r/,10 de abr. de 2019
Web scraping using Python - Linux Hint,https://linuxhint.com/web_scraping_python/,7 de out. de 2019
Top Resources To Learn Web Scraping - Analytics India ...,https://analyticsindiamag.com/top-resources-to-learn-web-scraping/,5 de abr. de 2020
Web Scraping Software to Extract Data from Websites | Agenty,https://agenty.com/products/scraping-agent/,29 de ago. de 2019
RPA Use Case: Facebook Data Scraping - Sunflower Lab,https://www.thesunflowerlab.com/blog/rpa-use-case-facebook-data-scraping/,20 de dez. de 2021
Web Data Extraction Automation - UiPath,https://www.uipath.com/learning/video-tutorials/web-data-extraction-automation,19 de jan. de 2021
How to Scrape Data with a Simple and Easy-to-Use Scraper,https://www.parsehub.com/blog/simple-easy-web-scraper/,31 de ago. de 2020
Web Scraping for SQL Machine learning using R scripts,https://www.sqlshack.com/web-scraping-for-sql-machine-learning-using-r-scripts/,14 de dez. de 2020
Byteline Web Scraper,https://www.byteline.io/web-scraper,30 de mar. de 2021
How does web scraping work? | ParseHub,https://www.parsehub.com/blog/how-web-scraping-works/,24 de fev. de 2020
How to scrape website data to Notion - Bardeen,https://www.bardeen.ai/posts/scrape-data-to-notion,21 de jun. de 2021
FAQ|15 Most Frequently Asked Questions about Web Scraping,https://www.octoparse.com/blog/15-most-frequently-asked-questions-of-web-scraping,9 de mar. de 2022
Data Scraping for SEO & Analytics - Tutorial - Optimize Smart,https://www.optimizesmart.com/data-scraping-guide-for-seo/,26 de ago. de 2021
Best Data Scraping Tools for 2021 (Top 10 Reviews),https://medium.datadriveninvestor.com/best-data-scraping-tools-for-2019-top-10-reviews-4a686061a184,6 de mai. de 2019
11 Popular Cloud-based Web Scraping Solutions - Geekflare,https://geekflare.com/web-scraping-tools/,17 de nov. de 2021
Web Scraping vs Web Crawling: The Differences - Blog,https://oxylabs.io/blog/crawling-vs-scraping,4 de mai. de 2021
Top 7 Python Web Scraping Tools For Data Scientists,https://analyticsindiamag.com/top-7-python-web-scraping-tools-for-data-scientists/,12 de nov. de 2019
Modern Web Scraping Guide - Fireship.io,https://fireship.io/lessons/web-scraping-guide/,17 de jul. de 2019
Web Scraping Tool & Free Web Crawlers | Octoparse,https://www.octoparse.com/WebScraping,9 de set. de 2021
How to scrape a website without code - Ultimate Guide,https://www.bardeen.ai/posts/how-to-scrape-a-website-without-code,10 de ago. de 2021
Top Web Scraping Services For Your Ecommerce Store,https://firebearstudio.com/blog/ecommerce-magento-web-scraping.html,13 de fev. de 2017
What Is Web Scraping — Basics & Practical Uses | by Octoparse,https://medium.datadriveninvestor.com/what-is-web-scraping-basics-practical-uses-66e1063cfa74,24 de jan. de 2022
Data Analytics with Python by Web scraping: Illustration with ...,https://towardsdatascience.com/data-analytics-with-python-by-web-scraping-illustration-with-cia-world-factbook-abbdaa687a84,3 de mar. de 2018
5 Things You Need to Know Before Scraping Data From ...,https://www.octoparse.com/blog/5-things-you-need-to-know-before-scraping-data-from-facebook,12 de ago. de 2021
Web Scraper for Mac: How to Scrape Data from Any Website ...,https://www.parsehub.com/blog/web-scraper-mac/,4 de mai. de 2020
Robust & Resilient Web Scraping with AutoScrape - Medium,https://medium.com/analytics-vidhya/robust-resilient-web-scraping-with-autoscrape-3988169f1e22,27 de set. de 2020
Chapter 4 Web scraping | Introduction to data science - GitHub ...,https://fri-datascience.github.io/course_ids/handbook/scraping.html,2 de fev. de 2021
Web Scraping for Data Science — Is it legal? | by Frank Andrade,https://medium.datadriveninvestor.com/web-scraping-for-data-science-is-it-legal-266fb51171ec,20 de dez. de 2020
Melhores Ferramentas Web Scraping Para 2020 - Elemento,https://elemento.ag/blog/ferramentas-web-scrapping-para-2020/,17 de mar. de 2020
"Data scraping, web scraping, data extraction and data mining",https://www.upwork.com/services/product/web-scraping-and-data-mining-1330753405936447488,29 de jan. de 2022
What can Web Scraping be Used For? | ParseHub,https://www.parsehub.com/blog/web-scraping-uses/,17 de fev. de 2020
APRENDA A CAPTURAR DADOS DA INTERNET DE FORMA ...,https://www.youtube.com/watch?v=kJaNpjmblj8,21 de nov. de 2018
5 Top Tips for Data Scraping Using Selenium in Python,https://towardsdatascience.com/5-top-tips-for-data-scraping-using-selenium-d8b83804681c,9 de ago. de 2020
Data Scraping Crawler tutorial | Phantombuster,https://phantombuster.com/automations/toolbox/22972/data-scraping-crawler/tutorial,19 de jun. de 2020
Web Scraping Tool | Free Browser Extensions | Grepsr,https://www.grepsr.com/browser-extensions/,31 de jul. de 2020
"Web scraping, data scraper, data mining and data extraction",https://www.upwork.com/services/product/the-scraped-data-from-the-websites-you-want-in-excel-or-in-spread-sheet-1320010697196572672,25 de jan. de 2022
Web Scraping For Physician Review - OptiSol Business ...,https://www.optisolbusiness.com/insight/web-scraping-for-physician-review,7 de mai. de 2021
The Essential Guide to Scraping At Scale with Diffbot,https://www.diffbot.com/web-scraping/,29 de dez. de 2020
"How to Scrape Amazon Product Data: Names, Pricing, ASIN, etc.",https://www.parsehub.com/blog/scrape-amazon-product-data/,9 de nov. de 2020
Utilizando o Scrapy do Python para monitoramento em sites ...,https://medium.com/@marlessonsantana/utilizando-o-scrapy-do-python-para-monitoramento-em-sites-de-not%C3%ADcias-web-crawler-ebdf7f1e4966,24 de set. de 2017
